,model_name,生成与创作,语义理解,百科,对话闲聊,计算能力,代码,谚语,字义理解,诗文写作,医疗,翻译,抽象代数,法律,成语,文学,汉字字形和拼音理解
0,chatglm,99.04761904761907,76.0683760683761,94.1212121212122,93.03030303030307,56.24999999999999,74.87179487179488,99.69696969696973,28.055555555555557,99.3939393939394,95.43859649122807,46.11111111111111,54.58333333333334,81.94444444444443,36.8421052631579,75.0,61.11111111111112
1,chatglm2,98.73015873015875,76.15384615384617,91.72727272727279,93.63636363636367,74.0,85.89743589743593,99.09090909090912,57.22222222222222,100.0,87.89473684210529,76.48148148148147,52.08333333333334,97.22222222222223,57.89473684210526,55.0,72.22222222222223
2,davinci-003,96.19047619047622,83.41880341880345,90.30303030303035,93.63636363636367,90.75,88.54700854700856,99.39393939393942,73.8888888888889,97.87878787878788,89.12280701754388,85.74074074074073,62.08333333333334,90.27777777777779,47.368421052631575,45.0,88.8888888888889
3,chinese-alpaca-13b,86.66666666666667,73.24786324786326,74.09090909090915,89.69696969696973,28.0,72.3931623931624,89.39393939393943,33.611111111111114,81.81818181818181,79.64912280701755,59.629629629629626,36.66666666666667,78.61111111111113,42.10526315789474,65.0,61.11111111111112
4,moss-sft,84.28571428571429,43.84615384615385,58.27272727272725,75.7575757575758,15.999999999999996,29.4017094017094,66.66666666666669,57.500000000000014,74.24242424242425,75.96491228070177,26.111111111111107,30.416666666666664,64.44444444444446,10.526315789473685,14.999999999999998,33.333333333333336
5,baichuan-7b,56.50793650793649,49.14529914529915,61.33333333333331,67.57575757575759,14.83333333333333,27.863247863247864,94.54545454545456,9.166666666666668,68.48484848484848,68.42105263157896,24.07407407407407,16.666666666666664,61.38888888888889,,,27.77777777777778
