,judgement_acc,choice_acc,open_qa_dcg,model_name
0,0.8305084745762712,0.6714285714285714,0.5002372233160524,davinci-003
1,0.864406779661017,0.5785714285714286,0.6489089931704489,chatglm2
2,0.7457627118644068,0.4357142857142857,0.7230369680042827,chatglm
3,0.03389830508474576,0.25,0.4225744782230914,moss-sft
4,0.2033898305084746,0.45714285714285713,0.5152436742851731,chinese-alpaca-13b
5,0.0847457627118644,0.07857142857142857,0.38780022669896697,baichuan-7b
6,1.0,1.0,0.4374399135409668,answer
